{
    "Precision@5": 0.8980000000000001,
    "Recall@5": 0.044464452281361616,
    "Num Queries": 100
}