{
    "Precision@5": 0.9580000000000001,
    "Recall@5": 0.048258495278582635,
    "Num Queries": 100
}