{
    "Precision@5": 0.9380000000000002,
    "Recall@5": 0.04662804450791369,
    "Num Queries": 100
}